{"is_source_file": true, "format": "Python", "description": "This script ensures the existence of a specific SQLite database schema for a notes application. It reads the database path from a configuration file, applies the necessary SQL Data Definition Language (DDL) statements to create or upgrade the 'notes' table, and can be run as a standalone utility.", "external_files": ["db_connection.txt"], "external_methods": ["os.path.exists", "open", "re.search", "sqlite3.connect"], "published": [], "classes": [], "methods": [{"name": "str _get_db_path_from_connection_file(connection_file: str = \"db_connection.txt\")", "description": "Reads the database file path from 'db_connection.txt' or returns a default value if the file does not exist.", "scope": "", "scopeKind": ""}, {"name": "None ensure_notes_schema(db_path: str)", "description": "Creates or upgrades the 'notes' table in the SQLite database to the minimal required schema.", "scope": "", "scopeKind": ""}, {"name": "None main()", "description": "Main entry point that retrieves the database path and ensures the notes schema exists.", "scope": "", "scopeKind": ""}], "calls": ["os.path.exists", "open", "re.search", "sqlite3.connect", "conn.cursor", "cur.execute", "conn.commit", "conn.close", "print", "sys.exit"], "search-terms": ["ensure_notes_schema", "db_connection.txt", "create notes table", "SQLite schema", "notes table creation", "schema idempotent"], "state": 2, "file_id": 10, "knowledge_revision": 22, "git_revision": "c0839fed994dd4156566262a0e1d8053efeada38", "ctags": [{"_type": "tag", "name": "_get_db_path_from_connection_file", "path": "/home/kavia/workspace/code-generation/simple-notes-manager-197529-197541/database/ensure_notes_schema.py", "pattern": "/^def _get_db_path_from_connection_file(connection_file: str = \"db_connection.txt\") -> str:$/", "language": "Python", "typeref": "typename:str", "kind": "function", "signature": "(connection_file: str = \"db_connection.txt\")"}, {"_type": "tag", "name": "ensure_notes_schema", "path": "/home/kavia/workspace/code-generation/simple-notes-manager-197529-197541/database/ensure_notes_schema.py", "pattern": "/^def ensure_notes_schema(db_path: str) -> None:$/", "language": "Python", "typeref": "typename:None", "kind": "function", "signature": "(db_path: str)"}, {"_type": "tag", "name": "main", "path": "/home/kavia/workspace/code-generation/simple-notes-manager-197529-197541/database/ensure_notes_schema.py", "pattern": "/^def main() -> None:$/", "language": "Python", "typeref": "typename:None", "kind": "function", "signature": "()"}], "hash": "695730de11f9c95952bc8078bf396040", "format-version": 4, "code-base-name": "database", "filename": "database/ensure_notes_schema.py", "revision_history": [{"22": "c0839fed994dd4156566262a0e1d8053efeada38"}]}