{"is_source_file": true, "format": "bash", "description": "This is a shell script that automates restoring different types of databases (SQLite, PostgreSQL, MySQL, MongoDB) from backup files. It detects backup files and database availability, then executes appropriate restore commands.", "external_files": ["database_backup.db", "database_backup.sql", "database_backup.archive"], "external_methods": ["ls", "cp", "echo", "sudo", "pg_isready", "psql", "mysqladmin", "mysql", "mongosh", "mongorestore"], "published": [], "classes": [], "methods": [], "calls": ["ls /usr/lib/postgresql/", "sudo -u postgres pg_isready", "psql", "mysqladmin ping", "mysqladmin ping --socket", "mysql", "mongosh", "mongorestore", "echo"], "search-terms": ["restore_db.sh", "database restore", "backup detection", "SQLite restore", "PostgreSQL restore", "MySQL restore", "MongoDB restore", "database_backup.sql", "database_backup.db", "database_backup.archive"], "state": 2, "file_id": 2, "knowledge_revision": 11, "git_revision": "25ac3e6ad89da3f22bae200613609a01124814c8", "hash": "d42c3e6cbc3bbd627e3c08afcf4183ec", "format-version": 4, "code-base-name": "database", "filename": "database/restore_db.sh", "revision_history": [{"11": "25ac3e6ad89da3f22bae200613609a01124814c8"}]}