{"is_source_file": true, "format": "Python", "description": "This script initializes and manages an SQLite database for a notes application, creating schema, inserting initial data, and handling connection information.", "external_files": ["db_connection.txt", "db_visualizer/sqlite.env"], "external_methods": ["os.path.exists", "re.search", "open", "os.makedirs", "sqlite3.connect", "sqlite3.execute", "subprocess.run"], "published": ["DB_NAME", "DB_USER", "DB_PASSWORD", "DB_PORT", "_get_db_path_from_connection_file", "print", "db_path", "db_exists"], "classes": [], "methods": [{"name": "str _get_db_path_from_connection_file(connection_file: str = \"db_connection.txt\")", "description": "Parses the connection file to extract the database file path, defaulting to 'myapp.db' if not found or errors occur.", "scope": "", "scopeKind": ""}], "calls": ["os.path.exists", "re.search", "open", "sqlite3.connect", "cursor.execute", "conn.commit", "conn.close", "os.path.abspath", "os.makedirs", "subprocess.run"], "search-terms": ["init_db", "SQLite database setup", "database schema creation", "connection file parsing", "database connection information"], "state": 2, "file_id": 5, "knowledge_revision": 20, "git_revision": "25ac3e6ad89da3f22bae200613609a01124814c8", "revision_history": [{"17": "25ac3e6ad89da3f22bae200613609a01124814c8"}, {"20": "25ac3e6ad89da3f22bae200613609a01124814c8"}], "ctags": [{"_type": "tag", "name": "DB_NAME", "path": "/home/kavia/workspace/code-generation/simple-notes-manager-197529-197541/database/init_db.py", "pattern": "/^DB_NAME = \"myapp.db\"$/", "language": "Python", "kind": "variable"}, {"_type": "tag", "name": "DB_PASSWORD", "path": "/home/kavia/workspace/code-generation/simple-notes-manager-197529-197541/database/init_db.py", "pattern": "/^DB_PASSWORD = \"kaviadefaultpassword\"  # Not used for SQLite, but kept for consistency$/", "language": "Python", "kind": "variable"}, {"_type": "tag", "name": "DB_PORT", "path": "/home/kavia/workspace/code-generation/simple-notes-manager-197529-197541/database/init_db.py", "pattern": "/^DB_PORT = \"5000\"  # Not used for SQLite, but kept for consistency$/", "language": "Python", "kind": "variable"}, {"_type": "tag", "name": "DB_USER", "path": "/home/kavia/workspace/code-generation/simple-notes-manager-197529-197541/database/init_db.py", "pattern": "/^DB_USER = \"kaviasqlite\"  # Not used for SQLite, but kept for consistency$/", "language": "Python", "kind": "variable"}, {"_type": "tag", "name": "_get_db_path_from_connection_file", "path": "/home/kavia/workspace/code-generation/simple-notes-manager-197529-197541/database/init_db.py", "pattern": "/^def _get_db_path_from_connection_file(connection_file: str = \"db_connection.txt\") -> str:$/", "language": "Python", "typeref": "typename:str", "kind": "function", "signature": "(connection_file: str = \"db_connection.txt\")"}, {"_type": "tag", "name": "conn", "path": "/home/kavia/workspace/code-generation/simple-notes-manager-197529-197541/database/init_db.py", "pattern": "/^conn = sqlite3.connect(db_path)$/", "language": "Python", "kind": "variable"}, {"_type": "tag", "name": "connection_string", "path": "/home/kavia/workspace/code-generation/simple-notes-manager-197529-197541/database/init_db.py", "pattern": "/^connection_string = f\"sqlite:\\/\\/\\/\\/{db_abs_path.lstrip('\\/')}\"$/", "language": "Python", "kind": "variable"}, {"_type": "tag", "name": "cursor", "path": "/home/kavia/workspace/code-generation/simple-notes-manager-197529-197541/database/init_db.py", "pattern": "/^cursor = conn.cursor()$/", "language": "Python", "kind": "variable"}, {"_type": "tag", "name": "db_abs_path", "path": "/home/kavia/workspace/code-generation/simple-notes-manager-197529-197541/database/init_db.py", "pattern": "/^db_abs_path = os.path.abspath(db_path)$/", "language": "Python", "kind": "variable"}, {"_type": "tag", "name": "db_exists", "path": "/home/kavia/workspace/code-generation/simple-notes-manager-197529-197541/database/init_db.py", "pattern": "/^db_exists = os.path.exists(db_path)$/", "language": "Python", "kind": "variable"}, {"_type": "tag", "name": "db_path", "path": "/home/kavia/workspace/code-generation/simple-notes-manager-197529-197541/database/init_db.py", "pattern": "/^db_path = _get_db_path_from_connection_file()$/", "language": "Python", "kind": "variable"}, {"_type": "tag", "name": "record_count", "path": "/home/kavia/workspace/code-generation/simple-notes-manager-197529-197541/database/init_db.py", "pattern": "/^record_count = cursor.fetchone()[0]$/", "language": "Python", "kind": "variable"}, {"_type": "tag", "name": "result", "path": "/home/kavia/workspace/code-generation/simple-notes-manager-197529-197541/database/init_db.py", "pattern": "/^    result = subprocess.run([\"which\", \"sqlite3\"], capture_output=True, text=True)$/", "language": "Python", "kind": "variable"}, {"_type": "tag", "name": "table_count", "path": "/home/kavia/workspace/code-generation/simple-notes-manager-197529-197541/database/init_db.py", "pattern": "/^table_count = cursor.fetchone()[0]$/", "language": "Python", "kind": "variable"}], "hash": "4ccab3a11d38cd7fce2974755ba51ca6", "format-version": 4, "code-base-name": "database", "filename": "database/init_db.py", "fields": [{"name": "DB_NAME = \"myapp.db\"", "scope": "", "scopeKind": "", "description": "unavailable"}, {"name": "DB_PASSWORD = \"kaviadefaultpassword\"  # Not used for SQLite, but kept for consistency", "scope": "", "scopeKind": "", "description": "unavailable"}, {"name": "DB_PORT = \"5000\"  # Not used for SQLite, but kept for consistency", "scope": "", "scopeKind": "", "description": "unavailable"}, {"name": "DB_USER = \"kaviasqlite\"  # Not used for SQLite, but kept for consistency", "scope": "", "scopeKind": "", "description": "unavailable"}, {"name": "conn = sqlite3.connect(db_path)", "scope": "", "scopeKind": "", "description": "unavailable"}, {"name": "connection_string = f\"sqlite:\\/\\/\\/\\/{db_abs_path.lstrip('\\/')}\"", "scope": "", "scopeKind": "", "description": "unavailable"}, {"name": "cursor = conn.cursor()", "scope": "", "scopeKind": "", "description": "unavailable"}, {"name": "db_abs_path = os.path.abspath(db_path)", "scope": "", "scopeKind": "", "description": "unavailable"}, {"name": "db_exists = os.path.exists(db_path)", "scope": "", "scopeKind": "", "description": "unavailable"}, {"name": "db_path = _get_db_path_from_connection_file()", "scope": "", "scopeKind": "", "description": "unavailable"}, {"name": "record_count = cursor.fetchone()[0]", "scope": "", "scopeKind": "", "description": "unavailable"}, {"name": "result = subprocess.run([\"which\", \"sqlite3\"], capture_output=True, text=True)", "scope": "", "scopeKind": "", "description": "unavailable"}, {"name": "table_count = cursor.fetchone()[0]", "scope": "", "scopeKind": "", "description": "unavailable"}]}