{"is_source_file": true, "format": "bash", "description": "A shell script for automatically detecting and backing up various types of databases (SQLite, PostgreSQL, MySQL, MongoDB). It performs checks for each database type and creates backups accordingly.", "external_files": ["/usr/lib/postgresql/", "pg_isready executable", "/usr/lib/postgresql/${PG_VERSION}/bin/pg_dump", "/var/run/mysqld/mysqld.sock", "MySQL socket file"], "external_methods": ["cp", "shell copy command", "ls", "list directory contents", "sudo", "execute command as superuser", "mysqladmin ping", "check MySQL server status", "mysql", "MySQL client command", "mysqldump", "MySQL backup utility", "mongosh --eval", "MongoDB shell command to evaluate JavaScript", "mongodump", "MongoDB backup utility"], "published": [], "classes": [], "methods": [], "calls": ["cp", "ls", "sudo -u postgres", "pg_isready", "mysqladmin ping", "mysql", "mysqldump", "mongosh", "mongodump"], "search-terms": ["backup_db.sh", "database backup script", "SQLite", "PostgreSQL", "MySQL", "MongoDB", "database detection", "database backup"], "state": 2, "file_id": 6, "knowledge_revision": 15, "git_revision": "25ac3e6ad89da3f22bae200613609a01124814c8", "hash": "d7da372b768c895a33088027314656c3", "format-version": 4, "code-base-name": "database", "filename": "database/backup_db.sh", "revision_history": [{"15": "25ac3e6ad89da3f22bae200613609a01124814c8"}]}