{"is_source_file": false, "format": "", "description": "", "external_files": [], "external_methods": [], "published": [], "classes": [], "methods": [], "calls": [], "search-terms": ["index.html", "Database Viewer", "HTML UI", "database visualization", "client-side HTML"], "state": 2, "file_id": 8, "knowledge_revision": 14, "git_revision": "25ac3e6ad89da3f22bae200613609a01124814c8", "hash": "ee63333a4841bf025439c755a74c9881", "format-version": 4, "code-base-name": "database", "filename": "database/db_visualizer/public/index.html", "revision_history": [{"14": "25ac3e6ad89da3f22bae200613609a01124814c8"}]}